{
  "id": "3580363",
  "name": "shopping",
  "font_family": "iconfont",
  "css_prefix_text": "icon-",
  "description": "",
  "glyphs": [
    {
      "icon_id": "8777511",
      "name": "arrow_down",
      "font_class": "icon-test3",
      "unicode": "e658",
      "unicode_decimal": 58968
    },
    {
      "icon_id": "8776822",
      "name": "cart_empty",
      "font_class": "icon-test",
      "unicode": "e63b",
      "unicode_decimal": 58939
    },
    {
      "icon_id": "8776823",
      "name": "cart",
      "font_class": "icon-test1",
      "unicode": "e63c",
      "unicode_decimal": 58940
    }
  ]
}
